"183","DARIUS BOGDAN VÂLCOV ","senat","psd","https://www.senat.ro/FisaSenator.aspx?ParlamentarID=1a3f2bbd-f43a-4ebf-b032-acad447c6d82",,"http://discutii.mfinante.ro/static/10/Mfp/prezentare/CVDariusValcovMinistru.pdf",NULL,,NULL,"2019-09-01 11:25:33"
"184","Călin – Constantin - Anton POPESCU-TĂRICEANU","senat","alde","https://www.senat.ro/ComponentaComisii.aspx?Zi=&ComisieID=d116fa54-aa63-42fc-a172-dbecc0988b64",,"https://www.senat.ro/PAGINI/presedinte/CV/Calin_Popescu_Tariceanu_CV_RO_16_01_2019.pdf",NULL,,NULL,"2019-09-01 11:36:37"
"185","Mihăiţă CALIMENTE","senat","pnl","http://www.cdep.ro/pls/parlam/structura2015.mp?idm=50&cam=2&leg=2012","https://www.senat.ro/FisaSenator.aspx?ParlamentarID=96926786-4fc9-4c23-9145-ddd44657f6cd","https://www.senat.ro/pagini/sgadj/CV_Mihaita_Calimente.pdf",NULL,,NULL,"2019-09-01 11:37:17"
"186","Izabela Chencian","senat","independent","https://www.asgp.co/member-detail/3126",,"https://www.senat.ro/PAGINI/sg/CV_Izabela_Chencian.pdf",NULL,,NULL,"2019-09-01 11:37:52"
"187","CAZANCIUC Robert-Marius","senat","psd","https://www.senat.ro/FisaSenator.aspx?ParlamentarID=90C15B88-B372-4E0A-BAE9-20CAA7FF5992",,NULL,NULL,,NULL,"2019-09-01 11:42:08"
"188","FENECHIU Cătălin-Daniel","senat","pnl","https://www.senat.ro/FisaSenator.aspx?ParlamentarID=DA556E32-7949-49A5-A896-5E3D51195201",,"https://www.baroul-bucuresti.ro/info/file/9717",NULL,,NULL,"2019-09-01 11:43:36"
"189","DIACONU Adrian-Nicolae","senat","psd","https://www.senat.ro/FisaSenator.aspx?ParlamentarID=22FC9D38-01A4-4F37-93B7-46979D6565BE",,"http://img.mediafax.ro/politician/7790/cv.docx",NULL,,NULL,"2019-09-01 11:44:44"
"190","BĂDULESCU Dorin-Valeriu","senat","alde","https://www.senat.ro/FisaSenator.aspx?ParlamentarID=1018CF2F-B902-44AB-807D-0C49BC644BBE",,NULL,NULL,,NULL,"2019-09-01 11:45:59"
"191","BRĂILOIU Tit-Liviu","senat","psd","https://www.senat.ro/FisaSenator.aspx?ParlamentarID=024E0D92-C74D-40BA-B942-154AFE4D237F",,"https://www.ziuaconstanta.ro/images/stories/2009/01/29/online/CURRICULUM_VITAE.pdf",NULL,,NULL,"2019-09-01 11:47:51"
"192","CSÁSZÁR Károly Zsolt","senat","udmr","https://www.senat.ro/FisaSenator.aspx?ParlamentarID=5EF135D6-9437-405C-9574-3C080183D592",,NULL,NULL,,NULL,"2019-09-01 11:49:12"
"193","DIRCĂ George-Edward","senat","usr","https://www.senat.ro/FisaSenator.aspx?ParlamentarID=377D5575-C8C0-4068-826C-5084548DB911",,NULL,NULL,,NULL,"2019-09-01 11:50:47"
"194","GANEA Ion","senat","psd","https://www.senat.ro/FisaSenator.aspx?ParlamentarID=7459391B-FE83-43BB-BCB5-63E3D1D237C9",,"http://software.ucv.ro/~eganea/CV.pdf",NULL,,NULL,"2019-09-01 11:52:02"
"195","NICOLAE Şerban","senat","psd","https://www.senat.ro/FisaSenator.aspx?ParlamentarID=E82BF63E-9E86-4CEE-88D4-8E3A062BEE12","http://www.cdep.ro/pls/parlam/structura2015.mp?idm=86&leg=2016&cam=1",NULL,NULL,,NULL,"2019-09-01 11:55:58"
"196","PAVEL Marian","senat","psd","https://www.senat.ro/FisaSenator.aspx?ParlamentarID=904C21A6-E2CC-418F-A83D-9D6A21A379D1",,NULL,NULL,,NULL,"2019-09-01 11:57:29"
"197","SCÂNTEI Laura-Iuliana","senat","pnl","https://www.senat.ro/FisaSenator.aspx?ParlamentarID=91616DC7-87FD-4DBF-99F7-D6665AF7559C",,NULL,NULL,,NULL,"2019-09-01 12:00:06"
"198","FIFOR Mihai-Viorel","senat","psd","https://www.senat.ro/FisaSenator.aspx?ParlamentarID=A55D1F13-5858-47EE-B62A-6141F827677B",,"http://www.cdep.ro/pdfs/guv201801/CV_Fifor.pdf","http://gov.ro/fisiere/ministri_fisiere/18-01-29-11-02-13Mihai_Fifor.pdf",,NULL,"2019-09-01 12:01:34"
"199","NICOARĂ Marius-Petre","senat","alde","https://www.senat.ro/FisaSenator.aspx?ParlamentarID=B3896D2E-9174-4454-A7E6-8D0E26A2FDBF",,"http://s2.ziareromania.ro/?mmid=9ed8fd9ac8094c7f",NULL,,NULL,"2019-09-01 12:03:06"
"200","FEJÉR László-Ődőn","senat","udmr","https://www.senat.ro/FisaSenator.aspx?ParlamentarID=2FBF0F13-C42D-45C5-8095-5BEDF28CFF2C",,"http://img.mediafax.ro/politician/8993/cv.docx",NULL,,NULL,"2019-09-01 12:04:31"
"202","OPREA Mario-Ovidiu","senat","pnl","https://www.senat.ro/FisaSenator.aspx?ParlamentarID=F04D2D43-35ED-40FA-8ED9-9709BC472BF7",,NULL,NULL,,NULL,"2019-09-01 12:06:06"
"203","CARACOTA Iancu","senat","pnl","https://www.senat.ro/FisaSenator.aspx?ParlamentarID=5DBB90DD-8FEE-44A4-ABA3-1E1CD01CF132",,NULL,NULL,,NULL,"2019-09-01 12:07:38"
"204","LUPU Victorel","senat","psd","https://www.senat.ro/FisaSenator.aspx?ParlamentarID=4633F308-F2D3-4269-AD5D-78F8D28CF610",,"http://img.mediafax.ro/politician/1786/cv.pdf",NULL,,NULL,"2019-09-01 12:08:44"
"205","LUNGU Dan","senat","usr","https://www.senat.ro/FisaSenator.aspx?ParlamentarID=B932A23D-D027-4C84-867E-767A1EC67DB3","http://www.cdep.ro/pls/parlam/structura2015.mp?idm=73&leg=2016&cam=1",NULL,NULL,,NULL,"2019-09-01 12:11:44"
"206","ANDRONESCU D. Ecaterina","senat","psd","https://www.senat.ro/FisaSenator.aspx?ParlamentarID=751EAFF7-A4C3-4E12-9293-01A4E16A04BE",,"http://s1.ziareromania.ro/?mmid=89d4cd9b010e95da","http://gov.ro/fisiere/ministri_fisiere/CV_-_ANDRONESCU_Ecaterina.pdf","http://www.mastermat.upb.ro/cv/CV%20Ecaterina%20Andronescu.pdf",,"2019-09-01 12:13:30"
"207","BĂDĂLĂU I. Niculae","senat","psd","https://www.senat.ro/FisaSenator.aspx?ParlamentarID=999AD9C2-48CE-4CA4-B9C8-0A7DB1301E54","http://www.cdep.ro/pls/parlam/structura2015.mp?idm=28&leg=2004&cam=2&pag=0",NULL,NULL,,NULL,"2019-09-01 12:17:48"
"208","CHIȚAC Vergil",,"independent","https://www.senat.ro/FisaSenator.aspx?ParlamentarID=ECE0DC62-289B-4702-80B0-3030167123C7",,NULL,NULL,,NULL,"2019-09-01 12:19:02"
"209","DENEŞ Ioan",,"psd","https://www.senat.ro/FisaSenator.aspx?ParlamentarID=B456B3EC-B804-461B-BB53-3F0E845550A1",,"http://gov.ro/fisiere/ministri_fisiere/Ioan_Denes_CV-1.pdf","http://www.cdep.ro/pdfs/guv201801/CV_Denes.pdf",,NULL,"2019-09-01 12:20:18"
"211","PAULIUC Nicoleta",,"pnl","https://www.senat.ro/FisaSenator.aspx?ParlamentarID=15D7DC85-A26D-4925-8441-9BD19E2F70B6",,NULL,NULL,,NULL,"2019-09-01 12:23:54"
"212","STAN V. Ioan",,"psd","https://www.senat.ro/FisaSenator.aspx?ParlamentarID=07CAED5E-DDC8-49C5-A156-DE357E9A16EF",,NULL,NULL,,NULL,"2019-09-01 12:24:08"
"213","STÂNGĂ George-Cătălin",,"pnl","https://www.senat.ro/FisaSenator.aspx?ParlamentarID=80C413B1-CB45-4C2C-A71A-E490780D71C4",,NULL,NULL,,NULL,"2019-09-01 12:26:44"
"214","ROMAȘCANU Lucian",,"psd","https://www.senat.ro/FisaSenator.aspx?ParlamentarID=7C1115FE-3B27-468E-8BE3-CB4E79FD2969",,"http://www.cdep.ro/pdfs/guv201706/CV_Romascanu.pdf",NULL,,NULL,"2019-09-01 12:27:25"
"215","RESMERIŢĂ Cornel-Cristian",,"psd","https://www.senat.ro/FisaSenator.aspx?ParlamentarID=595987CD-47A2-480D-895C-CA0A9F3C250A",,"http://img.mediafax.ro/politician/1103/cv.doc",NULL,,NULL,"2019-09-01 12:28:22"
"216","COLIBAN Allen",,"usr","https://www.senat.ro/FisaSenator.aspx?ParlamentarID=894439EB-F6F6-4FE3-85D5-342A28C3DBD0",,NULL,NULL,,NULL,"2019-09-01 12:29:50"
"217","COVACIU Severica-Rodica",,"pmp","https://www.senat.ro/FisaSenator.aspx?ParlamentarID=A5013B32-09F6-408B-9CFE-38A898DE0A42",,"http://europarlamentare2019.bec.ro/wp-content/uploads/2019/04/DI_PMP_COVACIU_SEVERICA-RODICA.pdf",NULL,,,"2019-09-01 12:31:10"
"218","DOGARIU Eugen",,"psd","https://www.senat.ro/FisaSenator.aspx?ParlamentarID=84E7529A-68A2-4334-808D-50F24916EBF1",,"http://www.prefecturatimis.ro/doc/cv_prefectura/Dogariu%20Eugen%20-%20Subprefect%20-%20CV.pdf",NULL,,NULL,"2019-09-01 12:33:26"
"220","GHICA Cristian",,"usr","https://www.senat.ro/FisaSenator.aspx?ParlamentarID=B8FD0433-C992-48CB-A8A5-670F70EB773D",,NULL,NULL,,NULL,"2019-09-01 12:34:54"
"221","POPA Ion",,"alde","https://www.senat.ro/FisaSenator.aspx?ParlamentarID=C7E9F4B5-A3E9-4BE3-95BD-BD836A796F34",,NULL,NULL,,NULL,"2019-09-01 12:36:02"
"222","TALPOȘ Ioan-Iustin",,"psd","https://www.senat.ro/FisaSenator.aspx?ParlamentarID=6425E0EB-8FDC-424D-A2F0-E9CF350B93C3","http://iustintalpos.blogspot.com/2012/04/cv.html",NULL,NULL,,"Informaţii personale

Nume / Prenume
TALPOS IOAN IUSTIN
Adresă
Str. Al. Serelor, nr. 9/11, Baia Mare, jud. Maramureş
Telefon
Mobil
0724029477

E-mail
talposiustin@yahoo.com


Naţionalitate
Român


Data naşterii
18.01.1976


Sex
Masculin




Experienţa profesională



Perioada
2004 – prezent
Funcţia sau postul ocupat
Profesor titular pe catedra de istorie
Activităţi şi responsabilităţi principale
educatie
Numele şi adresa angajatorului
Sc. Gen. Cu clasele I-VIII „Lucian Blaga”, Baia Mare
Tipul activităţii sau sectorul de activitate
invatamant
Perioada
2003 – 2004
Funcţia sau postul ocupat
Profesor titular pe catedra de istorie
Activităţi şi responsabilităţi principale
educatie
Numele şi adresa angajatorului
Sc. Gen. Cu clasele I-VIII „Dimitrie Cantemir” si „Alexandru Ivasiuc”, Baia Mare
Tipul activităţii sau sectorul de activitate
invatamant


Perioada
2002 – 2003
Funcţia sau postul ocupat
Profesor titular, detasat pe catedra de istorie
Activităţi şi responsabilităţi principale
educatie
Numele şi adresa angajatorului
Seminarul Teologic Ortodox „Iosif Marturisitorul”, Baia Mare
Tipul activităţii sau sectorul de activitate
invatamant


Perioada
2001 – 2002
Funcţia sau postul ocupat
Profesor titular pe catedra de geografie
Activităţi şi responsabilităţi principale
educatie
Numele şi adresa angajatorului
Sc. Gen. Cu clasele I-VIII nr. 8 Borsa
Tipul activităţii sau sectorul de activitate
invatamant


Perioada
2000 – 2001
Funcţia sau postul ocupat
Profesor suplinitor pe catedra de geografie
Activităţi şi responsabilităţi principale
educatie
Numele şi adresa angajatorului
Grup Sc. Transporturi Auto Baia Sprie
Tipul activităţii sau sectorul de activitate
invatamant




Perioada
1999 - 2000
Funcţia sau postul ocupat
Profesor suplinitor pe catedra de geografie
Activităţi şi responsabilităţi principale
educatie
Numele şi adresa angajatorului
Grup Sc. C.D. Nenitescu Baia Mare
Tipul activităţii sau sectorul de activitate
invatamant
Perioada
1998- 1999
Funcţia sau postul ocupat
Inginer geolog
Activităţi şi responsabilităţi principale
Prospectari geologice
Numele şi adresa angajatorului
E.M. Suior Baia Sprie
Tipul activităţii sau sectorul de activitate
Ind. miniera




Educaţie şi formare



Perioada
2008 – 2010
Calificarea / diploma obţinută
Master în Administrarea Afacerilor
Disciplinele principale studiate / competenţe profesionale dobândite
Management
Numele şi tipul instituţiei de învăţământ / furnizorului de formare
Universitatea de Vest – Baia Mare
Perioada
1994 – 1998
Calificarea / diploma obţinută
Licentiat in istorie - geografie
Disciplinele principale studiate / competenţe profesionale dobândite
Istorie, geografie
Numele şi tipul instituţiei de învăţământ / furnizorului de formare
Universitatea Stefan cel Mare - Suceava
Perioada
1990 – 1994
Calificarea / diploma obţinută
bacalaureat
Disciplinele principale studiate / competenţe profesionale dobândite
Finanţe – Contabilitate, statistică
Numele şi tipul instituţiei de învăţământ / furnizorului de formare
Grup Şcolar Economic Administrativ - Servicii (Liceul Economic) din Baia Mare
Aptitudini şi competenţe personale

Limbi străine cunoscute
","2019-09-01 12:37:37"
"223","MIHAIL Radu-Mihai",,"usr","https://www.senat.ro/FisaSenator.aspx?ParlamentarID=4B08C7E3-7714-4EA9-949E-88C0EADE8AE9",,NULL,NULL,,NULL,"2019-09-01 12:38:43"
"224","MANOLIU Dan",,"psd","https://www.senat.ro/FisaSenator.aspx?ParlamentarID=4A18450D-09DC-4E61-898B-7BFBFFE8EF9A",,NULL,NULL,,NULL,"2019-09-01 12:39:31"
"225","BADEA Viorel-Riceard",,"pnl","https://www.senat.ro/FisaSenator.aspx?ParlamentarID=18026337-85CD-4751-B1FE-08D6AD555C8E",,NULL,NULL,,NULL,"2019-09-01 12:40:30"
"226","CHISĂLIŢĂ Ioan-Narcis",,"psd","https://www.senat.ro/FisaSenator.aspx?ParlamentarID=350BFF05-5611-4494-86F7-2EC9EE90535B",,"https://www.usab-tm.ro/utilizatori/HORTICULTURA/file/CV-uri/CV%20Chisalita%20Ion.pdf",NULL,,NULL,"2019-09-01 12:41:49"
"227","GORGHIU Alina-Ştefania",,"pnl","https://www.senat.ro/FisaSenator.aspx?ParlamentarID=F43E9873-B2E6-478C-84A4-67A176480E1B",,"https://media.dcnews.ro/other/201412/alina_83950000.pdf",NULL,,NULL,"2019-09-01 12:43:14"
"228","HADÂRCĂ Ion",,"alde","https://www.senat.ro/FisaSenator.aspx?ParlamentarID=0CCE3760-FFAD-4C2C-8701-68882F7E4285",,"http://interese.md/files/cv/Ion%20HAD%C3%82RC%C4%82.doc",NULL,,"Născut la 17 august 1949, în comuna Sîngereii Vechi (astăzi or. Sîngerei) din judeţul Bălţi.
Studii:
1966 – absolvent al Şcolii medii generale din Sângerei, angajat la ziarul raional “Calea leninistă”;
1968–1970 – militar în cadrul forţelor armate ale URSS;
1970-1974 – student la Facultatea de filologie a Universităţii Pedagogice “Ion Creangă” din Chişinău.
Activitate profesională:
1974–1978 – studii de doctorat la Institutul de limbă şi literatură al Academiei de Ştiinţe a RSSM, unde activează în calitate de cercetător;
1978-1981 – redactor, apoi şef de secţie la Editura „Literatura artistică” din Chişinău;
1983-1985 – director al cenaclului literar “Luceafărul” de pe lîngă revista “Tinerimea Moldovei”;
1985-1987 – consultant literar, şef al secţiei Literatură pentru copii şi tineret a Uniunii Scriitorilor din Moldova;
1987-1989 – membru şi secretar al Comitetului de conducere al Uniunii Scriitorilor, secretar al biroului organizaţiei de partid al US;
1989 – ales în funcţia de deputat al poporului în Parlamentul U.R.S.S.;
1990–1993 – deputat în Parlamentul Republicii Moldova de prima legislatură, deţine funcţia de prim-vicepreşedinte al Parlamentului;
1994 – reales deputat în Parlamentul Republicii Moldova, membru al Comisiei juridice, pentru numiri şi imunităţi;
1996-1998 – membru supleant în delegaţia Republicii Moldova la Adunarea Parlamentară a Consiliului Europei
Din 2009 — deputat în Parlamentul Republicii Moldova.
Activitate social-politică:
Din anul 1974 – membru al PCUS;
Din anul 1978 – membru al Uniunii Scriitorilor din Moldova;
1989–1992 – fondator şi primul preşedinte al Frontului Popular din Moldova;
Din 1992 – preşedinte al cenaclului „Mihai Eminescu” de la Biblioteca publică “O.Ghibu” din Chişinău.
Premii:
1992 – Laureat al revistei “Flacăra”;
1997 – Premiul “Mihai Eminescu” al Consiliului judeţean Suceava;
1998 – Premiul “Carte frumoasă, cinste cui te-a scris…” pentru volumul de poeme Helenice în cadrul celui de-al VII-lea Salon de carte românească (Iaşi).
Opere publicate – 21 de volume originale de versuri, basme pentru copii, interviuri, discursuri, publicistică, eseuri, de asemenea, volume traduse.
Limbi cunoscute: româna, engleza, rusa.","2019-09-01 12:45:41"
"229","LUNGU Vasile-Cristian",,"pmp","https://www.senat.ro/FisaSenator.aspx?ParlamentarID=0A037412-929D-4B7D-A23A-780B5AD03113",,NULL,NULL,,NULL,"2019-09-01 12:47:56"
"230","ORȚAN Ovidiu-Florin",,"psd","https://www.senat.ro/FisaSenator.aspx?ParlamentarID=1DDD6B05-A954-4573-9C23-98D3E7B6E64D",,NULL,NULL,,NULL,"2019-09-01 12:49:28"
"232","VALECA Şerban-Constantin",,"psd","https://www.senat.ro/FisaSenator.aspx?ParlamentarID=0C108A15-FAED-4A3C-A8F2-F6ED7BB4128C",,"http://www.aosr.ro/wp-content/uploads/CV-uriMembri/s6-Serban-Constantin-Valeca.pdf","http://www.research.gov.ro/uploads/minister/echipa-de-conducere/cv-serban-constantin-valeca.pdf",,NULL,"2019-09-01 12:50:38"
"233","VULPESCU Ioan",,"psd","https://www.senat.ro/FisaSenator.aspx?ParlamentarID=54CA8647-A027-4342-B84B-FB4CC4D39B55",,NULL,NULL,,NULL,"2019-09-01 12:51:33"
"236","DERZSI Ákos",,"udmr","https://www.senat.ro/FisaSenator.aspx?ParlamentarID=09719A82-4AF5-4001-A955-4205D3EADE93","http://www.cdep.ro/pls/parlam/structura2015.mp?idm=40&cam=1&leg=2016",NULL,NULL,,NULL,"2019-09-01 13:23:44"
"237","BOTNARIU Emanuel-Gabriel",,"independent","https://www.senat.ro/FisaSenator.aspx?ParlamentarID=6AB2B016-B4CF-4488-8E61-12F4C1E004B4",,"http://www.votez.info/export/candidati/pdf?url=/candidat/emanuel-gabriel-botnariu",NULL,,NULL,"2019-09-01 13:24:53"
"238","BREAZ Valer-Daniel",,"psd","https://www.senat.ro/FisaSenator.aspx?ParlamentarID=DBA72CFA-3581-4164-A0DB-15A885FAAFE2",,NULL,NULL,,NULL,"2019-09-01 13:26:09"
"239","CRISTINA Ioan",,"pnl","https://www.senat.ro/FisaSenator.aspx?ParlamentarID=63364BA7-5770-49D0-BF28-3B612EB69435",,NULL,NULL,,NULL,"2019-09-01 13:30:41"
"240","DAN Carmen Daniela",,"psd","https://www.senat.ro/FisaSenator.aspx?ParlamentarID=4CE9182C-9E35-4812-BF48-3DA5043D4DEF",,"http://gov.ro/fisiere/ministri_fisiere/Dan_Carmen_Dan.pdf","https://mai.gov.ro/documente/salzburg/cv/Romania.pdf","http://www.cdep.ro/pdfs/guv201706/CV_Dan.pdf",NULL,"2019-09-01 13:33:15"
"241","OPREA Ştefan-Radu",,"psd","https://www.senat.ro/FisaSenator.aspx?ParlamentarID=FE939A20-EC6E-4734-93CB-98A530051833",,"http://gov.ro/fisiere/ministri_fisiere/Stefan-Radu_Oprea_CV-1.pdf",NULL,,NULL,"2019-09-01 13:34:16"
"242","STĂNESCU Paul",,"psd","https://www.senat.ro/FisaSenator.aspx?ParlamentarID=1AC92C92-416B-45FE-A35B-E2A8C3EE285A",,"http://www.cdep.ro/pdfs/guv201801/CV_Stanescu.pdf","http://www.mdrap.gov.ro/userfiles/CV%20Paul%20Stanescu.doc",,NULL,"2019-09-01 13:35:27"
"243","ŢAPU NAZARE Eugen",,"pnl","https://www.senat.ro/FisaSenator.aspx?ParlamentarID=D26D8018-2C85-4690-B125-F63D07FAADBF","http://discutii.mfinante.ro/static/10/Mfp/prezentare/CV_tapu.htm",NULL,NULL,,"Curriculum Vitae
Eugen Ţapu Nazare

Secretar de Stat pentru Producţia industrială



Numele şi prenumele:
Eugen Ţapu Nazare
Data şi locul naşterii:

24 decembrie 1962, Paşcani, Judetul Iaşi

Studii:
Institutul Politehnic Bucureşti - Facultatea de Metalurgie - inginer, Specializarea ""Prelucrări Metalurgice""

Experienţa profesională:
2007 aprilie - prezent: Secretar de Stat - Ministerul Economiei şi Finanţelor

01.02.2005 - aprilie 2007; Ministerul Economiei şi Comerţului - Secretar de Stat

01.08.2000- 01.02. 2005; SC Vlanda Company Srl, Director general

30.12.1997-16.06.2000; Prefectura Jud. Neamţ, Subprefect

01.01.1991-01.08.1994; 15.01.1996-15.07.1997; SC UMARO SA Roman- şef atelier

01.09.1989-28.02.1990; Intr. Metalurgica Dr. Tr. Severin, ing. tehnolog

Cursuri de pregătire profesională:
Cursuri post universitare de management - Rom�nia, 1992

Management administrativ Şcoala Superioară de Administraţie Roma - Italia, 1999

Cariera politică:
2000 - 2004, Consilier judeţean PNL

2004 - 02.2005 , Consilier judeţean PNL

2000 - 2004, Vicepreşedinte BPM PNL Roman

2004 - prezent, Vicepreşedinte BPM PNL Roman

2000 - 2004, Membru BPT PNL Neamţ

2004 - prezent, Membru BPT PNL Neamţ

1997 - 2000, Subprefect Neamţ

Limbi străine:
Engleza

Italiana

 ","2019-09-01 13:37:36"
"244","WIENER Adrian",,"usr","https://www.senat.ro/FisaSenator.aspx?ParlamentarID=C37BE6BE-39AD-4EE1-A803-FDC4B457B28A",,NULL,NULL,,NULL,"2019-09-01 13:39:07"
"245","CAZAN Mircea-Vasile",,"pnl","https://www.senat.ro/FisaSenator.aspx?ParlamentarID=6AF35355-F38B-411C-A338-1FF9BEA80B70",,"http://img.mediafax.ro/politician/1065/cv.docx",NULL,,NULL,"2019-09-01 13:40:06"
"246","IRIZA Scarlat",,"psd","https://www.senat.ro/FisaSenator.aspx?ParlamentarID=9138429D-336D-458F-8DDD-710A52B3BE47",,"http://img.mediafax.ro/politician/9040/cv.docx",NULL,,NULL,"2019-09-01 13:43:17"
"247","IORDACHE Virginel",,"psd","https://www.senat.ro/FisaSenator.aspx?ParlamentarID=D11813C3-DE39-4368-B251-6F9AD534B3E4",,NULL,NULL,,NULL,"2019-09-01 13:44:35"
"248","CADARIU Constantin-Daniel",,"pnl","https://www.senat.ro/FisaSenator.aspx?ParlamentarID=E9300E3A-0A8F-4F7C-8141-1BA256D1CC4A",,NULL,NULL,,NULL,"2019-09-01 13:45:50"
"249","DINICĂ Silvia-Monica",,"usr","https://www.senat.ro/FisaSenator.aspx?ParlamentarID=0DE3188E-D7FA-4A44-B47B-4A2FC992A307",,NULL,NULL,,"Senator Decembrie 2016 - prezent
 

Secretar în Biroul Permanent al Senatului (ianuarie 2019 - prezent)

Secretar în Comisia economică, industrii și servicii (decembrie 2016 - prezent)
   Responsabilă cu revizuirea / examinarea / propunerea proiectelor legislative transmise către Comisia economică, industrii și servicii în domeniul: politicii industriale, dezvoltării regionale și prognozării economice, afacerilor și investițiilor străine, întreprinderilor mici și mijlocii, turismului, implementării unei politici comerciale comune a Uniunii Europene, promovării și protecției intereselor economice ale consumatorilor, proprietății industriale, brevetelor și mărcilor comerciale, concurenței și ajutoarelor de stat, societății informaționale și tehnologiei informației, impactului asupra politicilor economice și industriale ale politicilor de mediu, energiei și transporturilor, dezvoltării durabile.

Membru în Comisia pentru comunicații și tehnologia informației (septembrie 2018 - prezent)
     Responsabilă cu revizuirea/examinarea/propunerea proiectelor legislative transmise către Comisia pentru comunicații și tehnologia informației. Domenii de activitate: tehnologia informației și comunicațiilor, tehnologii avansate specifice domeniului, alinierea la reglementările, respectiv la standardele internaționale, și proprietatea intelectuală în domeniu. 

Membru în Comisia specială pentru revizuirea și modificarea legislației privind comercializarea produselor alimentare (decembrie 2016 - prezent)

Membru în Comisia pentru transporturi și energie (decembrie 2016 - septembrie 2018)
     Responsabilă cu revizuirea/examinarea/propunerea proiectelor legislative transmise către Comisia pentru transporturi și energie în domeniul: politicii energetice, securității aprovizionării cu energie și eficienței energetice, rețelelor de transport și infrastructură energetică, securității nucleare, protecției intereselor economice ale consumatorilor în domeniile transportului și energiei.

Activitate internațională: Uniunea Interparlamentară - Comisia pentru dezvoltare durabilă, finanțe și comerț (aprilie 2017 - prezent)

Afiliere politică: Uniunea Salvați România

Educație
Doctorat în Matematică Aplicată, Universitatea de Stat din Colorado, Colorado, SUA (2011-2014)

Master în Managementul Riscului, Academia de Studii Economice, Facultatea Asigurări, Bănci și Burse de Valori și Facultatea de Cibernetică, Statistică și Informatică Economică, București, România (2008-2010)

Master în Matematică Aplicată, Universitatea de Stat din Colorado, Colorado, SUA (2002- 2004)

Licențiată în matematică, Facultatea de Informatică și Matematică, Universitatea București, România (1995-1999)

Experiență profesională
Telekom Romania, București
Manager de Campanie & Retenție, Marketing, Segment Business (2016)

Telekom Romania, București
Specialist Retenție, Marketing, Divizie Business (2014-2016)

Romtelecom S.A, București
Analist reglementări & Concurență (2005-2014)

Universitatea de Stat din Colorado, Colorado, SUA
Asistent universitar (2002- 2005)
- Responsabil pentru predare cursuri: Analiza, Ecuatii Diferentiale, Geometrie, Trigonometrie;

Facultatea de Matematică și Informatică, București
Preparator universitar (2000 - 2001)
- Responsabil pentru predare seminarii: Geometrie diferentiala, Algebra Liniara, Analiza;

Limbi străine
Engleză, Franceză, Spaniolă","2019-09-01 13:47:40"
"250","ILIE Viorel",,"alde","https://www.senat.ro/FisaSenator.aspx?ParlamentarID=873B7D90-9B3E-4BD7-A850-6B745B2043A4",,"http://mrp.gov.ro/web/wp-content/uploads/2017/04/cvMinistruMRPViorelILIE.pdf",NULL,,"CV
Informatii Personale
Nume / Prenume: ILIE M. VIOREL

Adresa: Piata Victoriei nr. 1

Telefon: 021 316 36 77

Nationalitate: ROMANA

Data nasterii: 19 martie 1965

Sex: Masculin

Experienta Profesionala
Perioada 03.04.2017 → Prezent
Functia sau postul ocupat – Ministru pentru Relatia cu Parlamentul
Nume si adresa  angajatorului – Ministerul pentru Relatia cu Parlamentul, Piata Victoriei nr 1
Tipul activitatii– Guvernul Romaniei

Perioada 21.12.2016 → Prezent
Functia sau postul ocupat – Senator
Nume si adresa angajatorului – Senatul Romaniei
Tipul activitatii–  Parlamentul Romaniei

Perioada 23.06.2008→ 13.01.2017
Functia sau postul ocupat – Primar
Nume si adresa angajatorului – Primaria Municipiului Moinesti, Str. V. Alecsandri, nr. 14, Moinesti, 605400, Jud. Bacau
Tipul activitatii –Administratie publica locala

Perioada 03.04.2017 → Prezent
Functia sau postul ocupat – Ministru pentru Relatia cu Parlamentul
Nume si adresa angajatorului – Ministerul pentru Relatia cu Parlamentul, Piata Victoriei nr 1
Tipul activitatii– Guvernul Romaniei

Perioada 21.12.2016 → Prezent
Functia sau postul ocupat – Senator
Nume si adresa angajatorului – Senatul Romaniei
Tipul activitatii– Parlamentul Romaniei

Perioada 23.06.2008→ 13.01.2017
Functia sau postul ocupat– Primar
Nume si adresa angajatorului – Primaria Municipiului Moinesti, Str. V. Alecsandri, nr. 14, Moinesti, 605400, Jud. Bacau
Tipul activitatii–Administratie publica locala

Perioada 01.01.2000 → 23.06.2008
Functia sau postul ocupat – Director si Administrator
Nume si adresa angajatorului– SC. Trust Incom SRL Moinesti, Str. Tudor Vladimirescu nr. 104, Moinesti, 605400, Jud. Bacau

Perioada 01.07.1997 → 14.06.1999
Functia sau postul ocupat – Sef Serviciu Informatica
Nume si adresa angajatorului – S.N. Petrom R.A., Sucursala Moinesti

Perioada 10.10.1991 → 15.06.1997
Functia sau postul ocupat – Inginer
Nume si adresa angajatorului – S.P. Modarzau

Perioada 01.03.1991 → 16.10.1991
Functia sau postul ocupat – Inginer
Nume si adresa angajatorului – Centrul de Calcul si Lucrari Auxiliare Bucuresti

Perioada 15.02.1990→ 01.03.1991
Functia sau postul ocupat – Inginer
Nume si adresa angajatorului – Trust Foraj Extractie Moinesti

Perioada 12.09.1989 → 15.02.1990
Functia sau postul ocupat – Inginer
Nume si adresa angajatorului – Combinatul Petrochimic Borzesti, Str. Industriilor, nr.3, Mun. Onesti, Jud. Bacau

Educatie si formare
Perioada Octombrie- Noiembrie 2017
Calificarea/ Diploma obtinuta – Curs postuniversitar de formare și dezvoltare continuă  ”Securitate și bună guvernare”
Numele si tipul institutiei de invatamant/ furnizorului – Colegiul Național de Apărare, Universitatea Naționala de Apărare Carol I

Perioada Aprilie- Septembrie 2012
Calificarea/ Diploma obtinuta – Curs “Politica externa si diplomatie”
Numele si tipul institutiei de invatamant/ furnizorului – Institutul Diplomatic Roman – I.D.R.

Perioada Decembrie 2011- Mai 2012
Calificarea/ Diploma obtinuta – Curs “Inalti functionari publici”
Numele si tipul institutiei de invatamant/ furnizorului – Agentia Nationala a Functionarilor Publici – A.N.F.P.

Perioada 1 Octombrie 2009 – 15 Iunie 2011
Calificarea/ Diploma obtinuta – Master “Comunicare, Creativitate si Competente Psihosociale in Organizatii”
Numele si tipul institutiei de invatamant/ furnizorului – Universitatea “Petre Andrei”, Iasi

Perioada 1 Octombrie 2008 – 15 Iunie 2010
Calificarea/ Diploma obtinuta – Master”Gestionarea Resurselor in Administratia Publica”
Numele si tipul institutiei de invatamant/ furnizorului – Universitatea “George Bacovia”, Bacau

Perioada 1984 – 1989
Calificarea/ Diploma obtinuta –Diploma de licenta
Numele si tipul institutiei de invatamant/ furnizorului – Institutul Politehnic “Gheorghe Asachi”, Iasi – Facultatea de Electrotehnica, specializarea Automatizari si Calculatoare

Perioada 1979 – 1983
Calificarea/ Diploma obtinuta – Diploma Bacalaureat
Numele si tipul institutiei de invatamant/ furnizorului – Liceul de matematica – fizica, Iasi – profil Informatica

Aptitudini si competente personale
Limba materna
Romana

Limbi straine cunoscute
Franceza

abilitatea de a citi | Bine
abilitatea de a scrie | Satisfacator
abilitatea de a vorbi | Satisfacator
Engleza

abilitatea de a citi | Foarte bine
abilitatea de a scrie | Bine
abilitatea de a vorbi | Foarte bine
 

Competente si abilitati sociale
Abilitati de comunicare, informare si promovare
Spirit de echipa
Competente si abilitati organizatorice
Aptitudini manageriale
Spirit organizatoric
Abilitati de lucru in echipa, Management de proiecte
Competente si aptitudini de utilizare a calculatorului
Cunostiinte hardware
Cunostiinte operare Windows, Word, Excel, Power Point, Corel
Alte competente si aptitudini
Initiativa, echilibru, loialitate
Determinare si orientare spre rezultate
Disponibilitate la efort intelectual sustinut
Permis de conducere categoria B","2019-09-01 13:47:54"
"251","ILIESCU Cătălin Lucian",,"pmp","https://www.senat.ro/FisaSenator.aspx?ParlamentarID=6B947065-0A4C-4A79-80FA-51111310CE61","http://www.cdep.ro/pls/parlam/structura2015.mp?idm=142&cam=1&leg=2016",NULL,NULL,,NULL,"2019-09-01 13:50:38"
"253","PĂNESCU Doru-Adrian",,"psd","https://www.senat.ro/FisaSenator.aspx?ParlamentarID=F6A5269B-6643-479A-B011-A16901FF2ED2",,"https://www.upg-ploiesti.ro/sites/default/files/doctorat/2017/CHIRCU_CV_PROF._PANESCU.pdf",NULL,,NULL,"2019-09-01 13:54:03"
"254","MARIN N. Gheorghe",,"psd","https://www.senat.ro/FisaSenator.aspx?ParlamentarID=79684B06-3996-4457-9BDF-7F3822AFD0E7",,NULL,NULL,,NULL,"2019-09-01 13:55:46"
"255","NIȚĂ Ilie",,"alde","https://www.senat.ro/FisaSenator.aspx?ParlamentarID=82C06FC9-986D-4839-9C08-93C4C1E3E376",,NULL,NULL,,NULL,"2019-09-01 14:00:50"
"256","SMARANDACHE Miron-Alexandru",,"psd","https://www.senat.ro/FisaSenator.aspx?ParlamentarID=B798BF7D-CB6A-4C58-A0D7-DBDB9DD8AD6D",,NULL,NULL,,NULL,"2019-09-01 14:01:45"
"257","BUTUNOI Ionel-Daniel",,"psd","https://www.senat.ro/FisaSenator.aspx?ParlamentarID=F47A17A9-7057-49E6-899B-1B5A0860BA57",,NULL,NULL,,NULL,"2019-09-01 14:02:44"
"258","FILIPESCU Răducu-George",,"pnl","https://www.senat.ro/FisaSenator.aspx?ParlamentarID=F3D8BFFD-F20B-437B-8D04-6336F7AB955C",,"http://img.mediafax.ro/politician/718/cv.doc",NULL,,NULL,"2019-09-01 14:03:59"
"259","MARUSSI George-Nicolae",,"usr","https://www.senat.ro/FisaSenator.aspx?ParlamentarID=6C3CAD42-B753-4495-9109-804ED5CA1D95","http://www.cdep.ro/pls/parlam/structura2015.mp?idm=77&leg=2016&cam=1",NULL,NULL,,"Quick Facts
Intro	Romanian politician
Occupations	Politician Chemical engineer Manager
Countries	Romania
Birth	March 16, 1969 (Ploiești)
Education	Oil & Gas University of Ploiești
The details
Biography
George-Nicolae Marussi (n. 16 martie 1969, Ploiești, România) este un senator român, ales în 2016.

Vezi și
Legislatura 2016-2020 (Senat)
Parlamentul României
Legături externe
Activitatea parlamentară","2019-09-01 14:06:12"
"260","POPA G. Cornel",,"pnl","https://www.senat.ro/FisaSenator.aspx?ParlamentarID=83897B9B-48E4-4256-B9A7-BC126A663C71","https://issuu.com/bogdanpater/docs/raportsenatorcornelpopa2017",NULL,NULL,,NULL,"2019-09-01 14:07:28"
"262","TOMA Vasilică",,"psd","https://www.senat.ro/FisaSenator.aspx?ParlamentarID=8BA72442-003E-4053-BBDB-F10BB663A6B6",,NULL,NULL,,NULL,"2019-09-01 14:09:59"
"263","SALAN Viorel",,"psd","https://www.senat.ro/FisaSenator.aspx?ParlamentarID=B94B0A37-8F01-4EAE-AB42-D5E104CC6083",,NULL,NULL,,NULL,"2019-09-01 14:23:48"
"264","SIBINESCU Ionuț",,"alde","https://www.senat.ro/FisaSenator.aspx?ParlamentarID=913E384A-1603-423F-9146-D6968F92A891",,NULL,NULL,,NULL,"2019-09-01 14:25:30"
"266","CORLĂŢEAN Titus",,"psd","https://www.senat.ro/FisaSenator.aspx?ParlamentarID=52450F63-BE91-40EA-A4DD-35982161FA45",,"http://www.politicaromaneasca.ro/files/fisiere/TitusCorlean.pdf","https://www.juridice.ro/wp-content/uploads/2012/05/cv_corlatean_titus.doc",,NULL,"2019-09-01 14:27:36"
"267","DUMITRESCU Cristian-Sorin",,"psd","https://www.senat.ro/FisaSenator.aspx?ParlamentarID=0A71F515-0640-4822-A0F1-565F3FE43BB1",,"http://politice.ucdc.ro/cv/Stiinte-Politice/Dumitrescu-C_CV.pdf",NULL,,NULL,"2019-09-01 14:28:46"
"268","MATEI Constantin-Bogdan",,"psd","https://www.senat.ro/FisaSenator.aspx?ParlamentarID=A50ACBCE-16A7-4067-BB82-8115D46960F7",,"http://gov.ro/fisiere/ministri_fisiere/CV_-_MATEI_Constantin_Bogdan.pdf",NULL,,NULL,"2019-09-01 14:29:32"
"269","POP Gheorghe",,"psd","https://www.senat.ro/FisaSenator.aspx?ParlamentarID=1E40D95E-DA64-4117-8FCD-BB293D5B9157",,NULL,NULL,,NULL,"2019-09-01 14:31:28"
"270","ŞOPTICĂ Costel",,"pnl","https://www.senat.ro/FisaSenator.aspx?ParlamentarID=B8811EE2-7A4B-4779-9264-E7AA9B44A1DA",,NULL,NULL,,NULL,"2019-09-01 14:33:30"
"271","SIMIONCA Ioan",,"alde","https://www.senat.ro/FisaSenator.aspx?ParlamentarID=52FC6651-C776-4001-A1BC-DAED2FB464EE",,NULL,NULL,,NULL,"2019-09-01 14:34:44"
"272","AVRAM Nicolae",,"psd","https://www.senat.ro/FisaSenator.aspx?ParlamentarID=7C1694BB-03A9-4B25-BD13-0253A2C63F31",,NULL,NULL,,NULL,"2019-09-01 14:35:49"
"273","GIOANCĂ Eugen",,"psd","https://www.senat.ro/FisaSenator.aspx?ParlamentarID=432CE7BE-452D-48E2-BFDE-068B5D741E05",,NULL,NULL,,NULL,"2019-09-01 14:37:09"
"274","GOȚIU Remus Mihai",,"usr","https://www.senat.ro/FisaSenator.aspx?ParlamentarID=822363C0-E7C2-4C01-B86F-67BC94F63980","http://www.cdep.ro/pls/parlam/structura2015.mp?idm=59&leg=2016&cam=1",NULL,NULL,,NULL,"2019-09-01 14:37:53"
"275","MAZILU Liviu-Lucian",,"psd","https://www.senat.ro/FisaSenator.aspx?ParlamentarID=1759C7F0-DD95-4B78-8BA9-840BE1149273",,NULL,NULL,,NULL,"2019-09-01 14:38:31"
"276","SAVIN Emanoil",,"psd","https://www.senat.ro/FisaSenator.aspx?ParlamentarID=0F6614BA-708B-44B4-9156-D5EDB3DCA047",,"http://orasul-busteni.ro/PRIMAR/CURRICULUM%20VITAE.pdf",NULL,,NULL,"2019-09-01 14:39:27"
"277","STOCHECI Cristina-Mariana",,"psd","https://www.senat.ro/FisaSenator.aspx?ParlamentarID=648D2FBF-30B5-44AC-98B2-E6CFC5AE139C","https://pdfslide.net/documents/cristina-mariana-stocheci.html","https://www.upit.ro/_document/2168/stocheci_cristina_.pdf",NULL,,NULL,"2019-09-01 14:40:54"
"278","TUROS Lóránd",,"udmr","https://www.senat.ro/FisaSenator.aspx?ParlamentarID=8833F3B5-A88F-44A4-A615-F614FA960900",,NULL,NULL,,NULL,"2019-09-01 14:41:53"
"279","VELA Ion Marcel",,"pnl","https://www.senat.ro/FisaSenator.aspx?ParlamentarID=ECB5198F-31ED-44C7-A13B-F83E342DD96E",,NULL,NULL,,NULL,"2019-09-01 14:42:42"
"280","POPESCU-TĂRICEANU I. Călin-Constantin-Anton",,"alde","https://www.senat.ro/FisaSenator.aspx?ParlamentarID=522AFEA4-B00C-44EC-802F-BE592C406A5C","http://www.cdep.ro/pls/parlam/structura2015.mp?idm=105&cam=2&leg=1996&pag=0",NULL,NULL,,"Premierul desemnat sa alcătuiasca noul executiv, Călin Popescu Tăriceanu, a reuşit să formeze o echipă guvernamentală în care sunt reprezentate patru partide politice: PNL, PD, UDMR şi PUR.

INFORMAŢII PERSONALE

Data naşterii: 14 Ianuarie 1952

Starea civila: casatorit, 2 copii

EXPERIENTA PROFESIONALA

·     Preşedinte de o­noare, Asociaţia Producătorilor şi Importatorilor de Automobile (APIA), din 2003
·     Preşedinte, Asociaţia Producătorilor şi Importatorilor de Automobile (APIA),
·     2001-2003
·     Membru fondator şi Preşedinte al APIA, 1994-1997
·     Partener asociat, Automotive Trading Services, Importator oficial Citroen,
·     din 1993
·     Director General - Radio Contact Romania, 1992-1996
·     Fondator al primul post de radio privat din România, 1990
·     Asistent universitar - Facultatea de Hidrotehnica,Institutul de constructii, Bucureşti, 1980-1991
·     Inginer - Construcţii Industriale, Bucureşti, 1977-1979
·     Inginer - Administraţia Naţională a Apelor, Filiala Arges, 1976-1977

STUDII

·     M.Sc. Informatică şi Matematică pentru Cercetare, Universitatea Bucureşti
·     Facultatea de Hidrotehnica - Institutul de Construcţii, Bucureşti
·     Liceul “St. Sava”, Bucureşti

CARIERA POLITICA

·     Preşedinte Interimar al Partidului Naţional Liberal (PNL), din 2 octombrie 2004
·     Vice-preşedinte al Partidului European Liberal Democrat, din 2003
·     MP, Vice-preşedinte al Comisiei Buget, Finanţe şi Bănci din 2000
·     MP, Comisia pentru Politică Economică, Reformă şi Privatizare, 1996-2000
·     Ministru al Industriei şi Comerţului, 1996-1997
·     Ministru de Stat, 1996-1997
·     Vice-preşedinte al Partidului Naţional Liberal, 1993-2004
·     Membru al Adunarii Constituante (Parlament), 1990-1992
·     Secretar Executiv al Partidului Naţional Liberal, 1990-1992
·     Fondator al Partidului Naţional Liberal, 1990

PRINCIPALELE REALIZĂRI ÎN PLAN POLITIC

·     Restructurarea sectorului petrolier din România şi înfiinţarea Companiei Naţionale a Petrolului PETROM
·     Restructurarea sectorului minier din România
·     Restructurarea Companiei Naţionale Electrica
·     Realizarea proiectelor de restructurare a industriei oţelului şi producţiei de automobile
·     Liberalizarea comperţului extern, prin eliminarea barierelor non-tarifare

ACTIVITATEA STIINTIFICA

·     37 lucrări ştiinţifice şi articole în domeniul alimentării cu apă şi tratamentului apei

LIMBI STRAINE

·     Engleză - fluent
·     Franceză - fluent","2019-09-01 14:45:18"
"281","MOGA Nicolae",,"psd","https://www.senat.ro/FisaSenator.aspx?ParlamentarID=DAACF2C2-38D4-4D52-9876-8C8EF53D93B2",,NULL,NULL,,NULL,"2019-09-01 14:54:07"
"282","FEDEROVICI Doina-Elena",,"psd","https://www.senat.ro/FisaSenator.aspx?ParlamentarID=04AAC849-2FF2-4EB6-B27D-5A55EE0D0754",,NULL,NULL,,NULL,"2019-09-01 14:55:43"
"284","ARCAN Emilia",,"psd","https://www.senat.ro/FisaSenator.aspx?ParlamentarID=DEB9DC80-301B-4093-9291-01ED8FC5CEB6",,NULL,NULL,,NULL,"2019-09-01 14:58:04"
"285","MARIN Nicolae",,"psd","https://www.senat.ro/FisaSenator.aspx?ParlamentarID=75CABB44-8CA8-47C8-9A08-801636CEE762",,NULL,NULL,,NULL,"2019-09-01 14:58:51"
"287","TÁNCZOS Barna",,"udmr","https://www.senat.ro/FisaSenator.aspx?ParlamentarID=14BA85D0-C7F9-4ED9-A14D-EB272B9F81C6",,"http://img.mediafax.ro/politician/837/cv.doc",NULL,,NULL,"2019-09-01 15:01:02"
"288","FĂLCOI Nicu",,"usr","https://www.senat.ro/FisaSenator.aspx?ParlamentarID=48E09A46-DF1C-4C32-932E-59AA52FD18FE","http://www.cdep.ro/pls/parlam/structura2015.mp?idm=50&cam=1&leg=2016",NULL,NULL,,NULL,"2019-09-01 15:02:33"
"289","MANDA St. Iulian-Claudiu",,"psd","https://www.senat.ro/FisaSenator.aspx?ParlamentarID=244DD5C3-8F96-4F23-8C7A-7B1C83A9A828",,"http://storage1.dms.mpinteractiv.ro/media/1/1481/25326/13009564/1/cv-claudiu-manea.pdf",NULL,,"Curriculum Vitae
Iulian Claudiu Manda
DATE PERSONALE

Data naşterii: 	20 decembrie 1975
Telefon: 	0351 / 413.413
Stagiul militar: 	Sublocotenent M.I. (r)
Starea civilă: 	Divorţat; un copil
 

EXPERIENȚA PROFESIONALĂ

2016 (decembrie)-prezent
21.12.2016 – prezent

 

2004-2016

 

2008 – decembrie 2016

 

13.09.2017 - prezent

 

 

24.04.2018 - prezent

Senator în Parlamentul României
 

- vicepreșeșdinte Senatul României

 

Deputat în Parlamentul României
 

 

- Membru Comisiade Buget-Finanţe a Camerei   Deputaţilor

- presedinte Comisia comună permanentă a Camerei Deputaţilor şi Senatului pentru exercitarea controlului parlamentar asupra activităţii S.R.I.

 

- președinte Comisia specială comună a Camerei Deputaților și Senatului privind analizarea și actualizarea cadrului normativ cu incidență în domeniul securității naționale

 

2004 – 2008: 	- Şeful grupului parlamentar de prietenie
Româno-Indoneziană
2004-2006: 	Secretar general TSD
2003-2004: 	Director al Casei de Cultură a Studenţilor
Craiova
2001-2003: 	Director adjunct cu probleme de tineret în
cadrul Direcţiei pentru Tineret şi Sport a judeţului
Dolj.
1995-2001: 	Director economic SC MADEXIM SRL, societate cu
profil vânzări engross şi endetail de produse
agroalimentare
1997-2004: 	Şef de Cabinet Parlamentar al domnului Deputat
Mihai Nicolescu (cu contract civil)
 

 

PREGĂTIRE PROFESIONALĂ

Din 2009: 	Doctorand în Management al Universităţii de
Stat Valahia din Târgovişte
2005: 	Absolvent al Colegiului Naţional de Apărare
2002-2003: 	Şcoala Academică Postuniversitară „Ovidiu
Şincai“, specializarea Management PoliticLucrare de dizertaţie cu titlul: „Resurse financiare
pentru sustenabilitatea politicilor publice“
1999-2001: 	Expert contabil atestat C.E.C.C.A.R. (Corpul
Experţilor Contabili şi Contabililor Autorizaţi din
România) – cel mai tânăr expert contabil la acea
dată din Oltenia
1994-1998: 	Universitatea din Craiova, Facultatea de
Ştiinţe Economice, Secţia Contabilitate şi
Informatică de Gestiune
 

ALTE CURSURI ȘI SPECIALIZĂRI

2003: 	Fundaţia pentru Pluralism (Şcoala Tinerilor
Lideri Politici) – cursul de Marketing Politic
Iulie 2000: 	Absolvirea seminarului cu tema: Coordonarea şi
planificarea managementului facilităţilor urbane, o
cale de a aconomisi bani în contextul unui buget de
austeritate, organizat de Centrul teritorial de
formare continuă pentru   Administraţia Publică
Locală prin programul PHARE 9707-01
Aprilie 2000: 	Absolvirea cursului de Comunicare, organizat de
F.D.S.C. (Fundaţia pentru Dezvoltarea Societăţii
Civile)
Martie 2000: 	Absolvirea cursului de Planificare Strategică
organizat de F.D.S. (Fundaţia pentru Dezvoltarea
Societăţii Civile)
 

ADMINISTRAȚIA LOCALĂ

2004: 	În urma alegerilor locale din 6 iunie 2004,
reales consilier local în cadrul Consiliului Local
Craiova
2000-2004: 	Ales în urma Alegerilor Locale din iunie 2000
pentru funcţia de Consilier Local – Consiliul Local
al Municipiului CraiovaÎn cadrul Consiliului
Local Craiova membru în comisiile:- Comisia de buget-finanţe
- Comisia de servicii-publice şi liberă
iniţiativă

În cadrul alegerilor locale din 6 Iunie 2004 -
reales consilier local în cadrul Consiliului Local
Craiova
 

ACTIVITATE POLITICĂ

2013-prezent: 	Preşedinte P.S.D. Dolj
2010-2013: 	Reales preşedinte executiv al P.S.D. Dolj
2008-2010: 	Preşedinte executiv al P.S.D. Dolj
2004-2008: 	Ales membru în Consiliul Naţional al P.S.D.
Reales vicepreşedinte al P.S.D. Dolj
2004-2005:
2007-prezent: 	Purtător de cuvânt P.S.D. Dolj
Purtător de cuvânt P.S.D. Dolj
2003-2004: 	Ales vicepreşedinte P.S.D. Dolj
Ales membru în
Biroul Executiv Central P.S.D.
2001-2003: 	Vicepreşedinte P.S.D. Craiova
1999-2001: 	Ales Membru în Consiliul Judeţean Dolj
1999-2001: 	Ales Membru în Consiliul Municipal Craiova
1997-2003: 	Preşedinte al Organizaţiei Locale nr. 13 Craiova
(179 membri)
 

ACTIVITATE ÎN CADRUL O.T. P.D.S.R – T.S.D

Iulie 2007
Sept. 2010: 	Reales preşedinte T.S.D. Dolj
Noiembrie 2006
prezent: 	Ales preşedinte C.N. T.S.D.
Decembrie 2005
Iulie 2007: 	Preşedinte T.S.D. Dolj
Septembrie 2004: 	Ales Secretar General T.S.D.
Decembrie 2003
2005: 	Reales Preşedinte T.S.D. Dolj
Noiembrie 2002: 	Ales vicepreşedinte al Organizaţiei Naţionale
T.S.D.
Aprilie 2002: 	Ales Preşedinte T.S.D. Dolj
1999-2001: 	Membru în Consiliul Naţional al O.T. P.D.S.R.
1999-2001: 	Vicepreşedinte al Organizaţiei de Tineret a
judeţului Dolj, coordonator al Departamentului de
Imagine şi responsabil al unui sector parlamentar cu
probleme de tineret (19 localităţi)
1999-2000: 	Reales preşedinte al Organizaţiei de Tineret a
Municipiului Craiova
1998-1999: 	Preşedintele Organizaţiei de Tineret a
Municipiului Craiova
 

CALITĂȚI PERSONALE


- Bun organizator
- Bun coordonator de echipă, abilităţi de planificare
- Limbi străine: engleză
- Cunoştinţe calculator: MS Office, Adobe
Acrobat, Corel, utilizator Internet
- Permis de conducere: categoriile A, B, B+E, C+E","2019-09-01 15:03:48"
"290","ŢUŢUIANU Adrian",,"independent","https://www.senat.ro/FisaSenator.aspx?ParlamentarID=DBCF9187-CED4-487E-96E9-F6ED3AFD00E1",,"http://www.cdep.ro/pdfs/guv201706/CV_Tutuianu.pdf",NULL,,NULL,"2019-09-01 15:04:41"
"291","BACIU Gheorghe",,"pmp","https://www.senat.ro/FisaSenator.aspx?ParlamentarID=998FC0F2-57F3-4F52-AE57-04363725B8A3","https://howlingpixel.com/i-ro/Gheorghe_Baciu_(senator)",NULL,NULL,,NULL,"2019-09-01 15:08:36"
"292","PEREŞ A. Alexandru",,"pnl","https://www.senat.ro/FisaSenator.aspx?ParlamentarID=155091C2-D8A3-4163-9D86-A5232928F241",,NULL,NULL,,NULL,"2019-09-01 15:09:28"
"293","CÂRCIUMARU Florin",,"psd","https://www.senat.ro/FisaSenator.aspx?ParlamentarID=A3468EC6-8162-4B43-8AB9-26AEF1B447C3",,NULL,NULL,,NULL,"2019-09-01 16:04:29"
"294","TOMA Cătălin Dumitru",,"pnl","https://www.senat.ro/FisaSenator.aspx?ParlamentarID=ECE62DFD-546D-4299-90E7-F09FBA888738",,NULL,NULL,,NULL,"2019-09-01 16:05:26"
"295","CSEKE Attila-Zoltan",,"udmr","https://www.senat.ro/FisaSenator.aspx?ParlamentarID=A5553559-0218-4BF8-8004-3D389ACCB0F1",,NULL,NULL,"http://europarlamentare2019.bec.ro/wp-content/uploads/2019/03/8udmr.pdf",NULL,"2019-09-01 16:06:24"
"296","DIMA Carmen",,"psd","https://www.senat.ro/FisaSenator.aspx?ParlamentarID=2634DF8E-AB01-4B54-AE42-35C00C543C36",,NULL,NULL,,NULL,"2019-09-01 16:07:11"
"297","PAȚURCĂ Roxana-Natalia",,"psd","https://www.senat.ro/FisaSenator.aspx?ParlamentarID=B50C1A9F-246B-4082-B2B4-9BD1729566AD",,NULL,NULL,,NULL,"2019-09-01 16:11:13"
"298","PRESADĂ Florina-Raluca",,"usr","https://www.senat.ro/FisaSenator.aspx?ParlamentarID=941B7F52-71C6-41A0-883B-C842D4E679B8",,NULL,NULL,,NULL,"2019-09-01 16:12:08"
"299","RUSE Mihai",,"alde","https://www.senat.ro/FisaSenator.aspx?ParlamentarID=C59D8599-9C0A-4925-87F5-D017E3C176EF",,NULL,NULL,,NULL,"2019-09-01 16:12:48"
"300","TRUFIN Lucian",,"psd","https://www.senat.ro/FisaSenator.aspx?ParlamentarID=D5988EE7-C311-4F21-9CEE-F5C20B934DDF",,NULL,NULL,,NULL,"2019-09-01 16:13:24"
"301","ZAMFIR Daniel-Cătălin",,"alde","https://www.senat.ro/FisaSenator.aspx?ParlamentarID=243A7A5F-3C91-49D9-931C-FEF93B6BCAA7","http://www.cdep.ro/pls/parlam/structura2015.mp?idm=409&cam=2&leg=2012&pag=5",NULL,NULL,,NULL,"2019-09-01 16:14:41"
"302","SOPORAN Aurel-Horea",,"psd","https://www.senat.ro/FisaSenator.aspx?ParlamentarID=234BA357-EE54-4322-A230-DCA336FD0CFB",,NULL,NULL,,NULL,"2019-09-01 16:15:21"
"303","ANTAL István-Loránt",,"udmr","https://www.senat.ro/FisaSenator.aspx?ParlamentarID=4D3BBC27-D428-401F-816D-AC05FC96CA6A",,NULL,NULL,,NULL,"2019-09-01 16:16:14"
"304","BULACU Romulus",,"pnl","https://www.senat.ro/FisaSenator.aspx?ParlamentarID=B01F56B2-F4A5-4E96-8F97-183642DF48D0",,NULL,NULL,,NULL,"2019-09-01 16:17:15"
"305","HĂRĂU Eleonora-Carmen",,"pnl","https://www.senat.ro/FisaSenator.aspx?ParlamentarID=CE12DA2C-49E5-4E6E-BB08-68C4A9963991",,"http://img.mediafax.ro/politician/9041/cv.docx",NULL,,NULL,"2019-09-01 16:18:02"
"306","ILEA Vasile",,"psd","https://www.senat.ro/FisaSenator.aspx?ParlamentarID=1DB062D3-A300-4F42-A7AD-6919DADD9D75",,NULL,NULL,,NULL,"2019-09-01 16:18:59"
"307","MARCIU Ovidiu-Cristian-Dan",,"psd","https://www.senat.ro/FisaSenator.aspx?ParlamentarID=87C886DC-60CB-4DFF-B156-7C17A5C957F7",,NULL,NULL,,NULL,"2019-09-01 16:19:30"
"308","MIHU Ștefan",,"psd","https://www.senat.ro/FisaSenator.aspx?ParlamentarID=E17F060B-FFB7-4F6C-8935-8A6AE1E8B112",,"https://www.spiruharet.ro/facultati/management-constanta/zone/ad9beadf5b8a20dda284097fd4e5d9c5.pdf","https://www.ziuaconstanta.ro/images/stories/2016/11/10/CANDIDATI_CV-URI/3_CV_Mihu_Stefan.pdf",,NULL,"2019-09-01 16:20:23"
"309","SILISTRU Doina",,"psd","https://www.senat.ro/FisaSenator.aspx?ParlamentarID=3E10C419-775E-40CB-9BAA-DA2B1D1EC83D",,NULL,NULL,,NULL,"2019-09-01 16:22:23"
"311","MIREA Siminica",,"psd","https://www.senat.ro/FisaSenator.aspx?ParlamentarID=A3858D29-45C6-4C79-84BC-8C18DCCB406D",,NULL,NULL,,NULL,"2019-09-01 16:24:18"
"312","LÁSZLÓ Attila",,"udmr","https://www.senat.ro/FisaSenator.aspx?ParlamentarID=3F03A91A-4849-4C30-9FFC-7191F1C49D93",,NULL,NULL,,NULL,"2019-09-01 16:26:02"
"313","MELEŞCANU Teodor-Viorel",,"alde","https://www.senat.ro/FisaSenator.aspx?ParlamentarID=0810DF0F-2DFB-42AF-9860-8451282373BA",,"http://gov.ro/fisiere/ministri_fisiere/CV_Teodor_Mele%C8%99canu.PDF",NULL,,NULL,"2019-09-01 16:27:06"
"314","SBÎRNEA Liliana",,"psd","https://www.senat.ro/FisaSenator.aspx?ParlamentarID=827AB728-CA41-4EB2-94DA-D615F2FA9216",,NULL,NULL,,NULL,"2019-09-01 16:28:30"
"315","DIACONESCU M. Renică",,"psd","https://www.senat.ro/FisaSenator.aspx?ParlamentarID=CD93B58A-FD53-4E7A-910D-4264C91570D0",,NULL,NULL,,NULL,"2019-09-01 16:29:41"
"317","BODOG Florian-Dorel",,"psd","https://www.senat.ro/FisaSenator.aspx?ParlamentarID=C845F9E9-5BB0-4697-8C63-10222D14E253",,NULL,NULL,,NULL,"2019-09-01 16:31:05"
"318","DĂNĂILĂ Leon",,"pnl","https://www.senat.ro/FisaSenator.aspx?ParlamentarID=D8706EE0-B451-44DA-966A-3EE1C2E49738",,NULL,NULL,"http://www.aosr.ro/wp-content/uploads/CV-uriMembri/s8-Leon-Danaila.pdf",NULL,"2019-09-01 16:32:44"
"319","DUMITRESCU Iulian",,"pnl","https://www.senat.ro/FisaSenator.aspx?ParlamentarID=D5BF6EFB-6D1E-4028-806A-576907B678E9",,NULL,NULL,,NULL,"2019-09-01 16:33:27"
"320","POP Liviu-Marian",,"psd","https://www.senat.ro/FisaSenator.aspx?ParlamentarID=08FB94DB-5001-4773-93AC-7AD6EDD52F1B",,"https://www.edu.ro/sites/default/files/CV%20Ministru%20Liviu%20Pop_12%20iul.pdf","http://www.politicaromaneasca.ro/files/fisiere/liviupop.pdf","http://www.mmuncii.ro/pub/imagemanager/images/file/Minister/Conducere/CV%20%20Pop%20Liviu%20Marian.pdf",NULL,"2019-09-01 16:36:01"
"321","NOVÁK Csaba-Zoltán",,"udmr","https://www.senat.ro/FisaSenator.aspx?ParlamentarID=DF45B083-60AC-439A-9833-958C894F055F",,"http://www.tirgumures.ro/cv/CV%20Novak%20Csaba.pdf",NULL,,NULL,"2019-09-01 16:37:19"
"322","ALEXANDRESCU Vlad-Tudor",,"usr","https://www.senat.ro/FisaSenator.aspx?ParlamentarID=664A7AA7-9F6E-4EA4-9E4A-006ECB3613D6",,NULL,NULL,,"Filologul Vlad Alexandrescu, propus în funcţia de ministru al Culturii în Guvernul Cioloş, este conferenţiar la catedra de limba şi literatura franceză a Universităţii Bucureşti, fost ambasador al României la Luxemburg, fiu al arheologului Petre Alexandrescu şi nepot al criticului Tudor Vianu, scrie Mediafax. 

Vlad Alexandrescu s-a născut pe 22 iunie 1965, la Bucureşti, fiind fiul arheologului Petre Alexandrescu şi al Mariei Alexandrescu Vianu, arheolog şi istoric al artei antice, fiică a criticului şi istoricului literar Tudor Vianu.

Vlad Alexandrescu a fost ambasador extraordinar şi plenipotenţiar al României în Marele Ducat de Luxemburg între anii 2006-2011 - în perioada în care oraşele Sibiu şi Luxemburg au deţinut titlul de Capitală culturală europeană, mai precis în anul 2007 -, iar, din anul 2012, este coeditor al Journal of Early Modern Studies, revista Centrului de cercetare ""Fundamentele Modernităţii Europene"" al Universităţii din Bucureşti, al cărui director este din 2001.

Între anii 1998 - 2000 şi 2003 - 2005, a fost preşedinte al Asociaţiei cercetătorilor francofoni în ştiinţe umane din Bucureşti.

Domeniile sale de competenţă cuprind istoria ideilor (secolele XVI - XVIII), literatură franceză, pragmatică şi filosofia limbajului şi hermeneutică, potrivit unui document publicat pe site-ul unibuc.ro.

În 2014, şi-a susţinut teza de abilitare în filologie, la Universitatea ""Alexandru Ioan Cuza"" din Iaşi.

Este licenţiat în filologie, specialitatea franceză şi germană, la Universitatea din Bucureşti, în 1989. În anul 1991, a obţinut diploma de studii aprofundate în ştiinţele limbajului (sciences du langage), la Ecole des Hautes Etudes en Sciences Sociales din Paris, iar, în 1995, titlul de doctor în ştiinţele limbajului, cu menţiunea ""Summa cum Laude"", la aceeaşi instituţie de învăţământ, sub îndrumarea profesorului Oswald Ducrot.

Din 2000, este conferenţiar la catedra de limba şi literatura franceză a Universităţii din Bucureşti, unde predă cursuri, la nivel de licenţă şi master, de filosofia limbajului (pragmatică şi teoria
enunţării), filosofii ale modernităţii, cursuri speciale pe autori ca René Descartes, Blaise Pascal, literatură şi cultură franceză a secolului al XVII-lea.

Începând cu anul 2011, este conferenţiar invitat la Centrul de Studii asupra Imaginii (CESI), Universitatea din Bucureşti şi Universitatea de Arhitectură, unde predă un curs de filosofii ale modernităţii, la nivel de master.

A fost distins cu premiul Pierre-Georges Castex al Academiei de Ştiinţe Morale şi Politice din Paris, în 2013, şi cu premiul Nicolae Bălcescu al Academiei Române, în 2014.

Vlad Alexandrescu este membru în mai multe societăţi ştiinţifice, printre care se numără The Warburg Institute, Londra (2005), Centro Interdipartimentale di Studi su Descartes e il Seicento dell'Università
del Salento, Lecce (2005), Asociaţia română de istorie a religiilor (2002) şi Société d'étude du dix-septième siècle, Paris (1998), dar şi al Grupului pentru Dialog Social din Bucureşti.

Numele lui Vlad Alexandrescu este legat şi de numeroase lucrări de specialitate, precum ""Nature et Surnaturel. Philosophies de la nature et métaphysique aux XVIe - XVIIIe siècles"", Zürich şi New York (2010), ""Branching Off: The Early Moderns in Quest for the Unity of Knowledge"", Bucureşti, Zeta Books (2009), ""Esprits modernes. Études sur les modèles de pensée alternatifs aux XVIIe - XVIIIe siècles"", apărută la Editura Universităţii din Bucureşti, ""Vasile Goldiş"" University Press (2003), ""Pragmatique et Théorie de l’énonciation. Choix de textes"", Bucureşti, Editura Universităţii din Bucureşti (2001), ""Autour de Descartes"", Bucureşti (1998), şi ""Le paradoxe chez Blaise Pascal"", Berna (1996).

Vlad Alexandrescu este căsătorit şi are doi copii.

Predecesorul său este parlamentarul PSD Ionuţ Vulpescu, numit ministru al Culturii în decembrie 2014.","2019-09-01 16:39:54"
"323","COSTOIU Mihnea-Cosmin",,"psd","https://www.senat.ro/FisaSenator.aspx?ParlamentarID=BBFCD7C3-497B-4805-A7EB-36C0D21B1C80","https://de.scribd.com/doc/101371337/Costoiu-Mihnea-CV","https://media.hotnews.ro/media_server1/document-2012-03-23-11817956-0-costoiu-mihnea.pdf",NULL,,NULL,"2019-09-01 16:41:14"
"324","CRAIOVEANU Elena-Lavinia",,"psd","https://www.senat.ro/FisaSenator.aspx?ParlamentarID=96C595B9-B65D-4187-967C-3A9EDCA39CB4","http://www.cjdolj.ro/Declaratii/declaratii%202016/alesi/craioveanuelena.pdf",NULL,NULL,,NULL,"2019-09-01 16:42:23"
"325","ROTARU Ion",,"psd","https://www.senat.ro/FisaSenator.aspx?ParlamentarID=7DC1277B-E4FB-4539-A045-CE12EA669CAC",,NULL,NULL,,NULL,"2019-09-01 16:44:16"
"326","PÎRVULESCU Eugen",,"pnl","https://www.senat.ro/FisaSenator.aspx?ParlamentarID=5C142513-6B68-4B53-9DC4-B700CA70D490",,NULL,NULL,,NULL,"2019-09-01 16:46:03"
"327","CREŢU Gabriela",,"psd","https://www.senat.ro/FisaSenator.aspx?ParlamentarID=415D0218-D907-4E7E-AF80-3B1DEE9B9E91","http://independent.academia.edu/GabiCretu/CurriculumVitae; https://www.gabrielacretu.ro/cine-sunt/cv-2019",NULL,NULL,,"Nume / Prenume

CRETU GABRIELA

Adresa(e)

730028 Vaslui (România)

Contact

cetatenieuropeni@gmail.com

www.gabrielacretu.ro

Naţionalitate

Română

Data naşterii

16 Ianuarie 1965

 

 

 

Experienţa profesională/politică

 

 

Decembrie 2012 – prezent

Senatoare – Senatul României – Grupul parlamentar PSD

– Comisia Specială Comună pentru Coordonarea activităților necesare pregătirii Președinției Consiliului Uniunii Europene – Președintă (2018 – prezent)

– Comisia pentru Afaceri Europene – membră, din 2012

Președintă ( 2016 – prezent)

Secretară ( 2015-2016)

· raportor permanent pentru guvernantă economică, semestrul european, uniune bancară europeană, comerț internațional, bugete, TTIP;

Reprezentantă a Senatului în Comisia națională pentru strategii, Grupul de lucru 4, privind aderarea României la euro

– Comisia pentru Cultură și Mass media – membră (2012 – prezent)

– Comisia comună pentru UNESCO (2012 -2016)

– Comisia specială pentru evaluarea democrației și statului de drept (2015-2016)

 

Septembrie 2009 – noiembrie 2012

Reprezentantă permanentă a Senatului pe lângă instituțiile europene

Atribuții în relațiile cu instituțiile europene, coordonarea cu celelalte parlamente naționale în probleme europene și organizarea de reuniuni politice interparlamentare

 	 
Perioada

01 Ianuarie 2007 → 13 iulie 2009

Funcţia sau postul ocupat

Membră a Parlamentului European – Deputată, Grupul S&D

Activităţi si responsabilităţi principale

Vicepreşedintă l – Delegaţia pentru relaţia cu tarile din Comunitatea Andină

Co-preşedintă – Grupul de lucru pentru populaţie si dezvoltare

Membră – Comisia pentru piaţa internă si protecţia consumatorului

Membră supleantă – Comisia pentru ocuparea a forţei de munca și afaceri sociale

Membră supleantă – Comisia pentru drepturile femeii și egalitatea de gen

Tipul activităţii sau sectorul de activitate

Politic

Perioada

25 septembrie 2005 – 31 decembrie 2006

Funcţia sau postul ocupat

Membră observatoare în Parlamentul European

Perioada

Funcția sau postul ocupat

decembrie 2004 – decembrie 2007

Deputată, Camera Deputaților

Tipul activităţii sau sectorul de activitate

Politic

Activităţi si responsabilităţi principale

Membră

– Comisia pentru cultură, artă și mijloace de comunicare în masă

– Comisia pentru egalitate între femei și bărbați

Tipul activităţii sau sectorul de activitate

Politic
 	 
Perioada

1991 – 2004

Funcţia sau postul ocupat

Profesoara de ştiinţe socio-umane, directoare adjunctă,

Directoare a Centrului Judetean de Excelență (peste 20 de premii naționale și internaționale obținute de elevii pregătiți (la economie, logică, filosofie, sociologie și psihologie)

Numele şi adresa angajatorului

Liceul teoretic „Mihail Kogălniceanu”, Vaslui

 	 
Perioada

1990 – 1991

Funcţia sau postul ocupat

Profesoară de ştiinţe socio-umane

Numele şi adresa angajatorului

Liceul „Ion Mincu”, Vaslui

Tipul activităţii sau sectorul de activitate

Învăţământ

 	 
Perioada

1987 – 1990

Funcţia sau postul ocupat

Profesoară de ştiinţe socio-umane, directoare adjunctă (1988-1990)

Numele şi adresa angajatorului

Liceul industrial nr.1, Vaslui

Tipul activităţii sau sectorul de activitate

Învăţământ

 	 
Educaţie şi formare

 

 	 
Perioada

1995 – 1998

Calificarea/diploma obţinută

Doctorat in Filosofie

Disciplinele principale

 

Epistemologie și filosofia ştiinţei (epistemologia științelor sociale)

1995-1997

Gradul didactic I (media 10)

1994

Gradul didactic II (media 10)

1990

Definitivat în învățământ (media 10)

Numele şi tipul instituţiei de învăţământ/furnizorului de formare

Universitatea „Al.I.Cuza”, Iaşi

 	 
Perioada

1983 – 1987

Calificarea/diploma obţinută

Licenţă în filosofie și istorie

Numele şi tipul instituţiei de învăţământ/furnizorului de formare

Facultatea de istorie și filosofie – secţia filosofie – istorie

(media de absolvire 9,83, licența, 10), Universitatea ”Al. I. Cuza”, Iași

 	 
Perioada

1983

Calificarea/diploma obţinută

Bacalaureat

 	 
Perioada

1979 – 1983

Calificarea/diploma obţinută

Atestare în contabilitate – drept administrativ

Numele şi tipul instituţiei de învăţământ/furnizorului de formare

Liceul economic și de drept administrativ nr.1, Iaşi

 	 
Perioada

1971 – 1979

Numele şi tipul instituţiei de învăţământ/furnizorului de formare

Şcoala generală Vascani, Ruginoasa, Iaşi

 	 
Aptitudini şi competenţe profesionale

Economie generală, doctrine economice, sociologia organizaţiilor, sociologie politică, filosofie politică, politologie, doctrine politice, instituţii politice, feminism, relaţii de gen, gender mainstreaming, studii europene, logica formală si teoria argumentării, logici moderne , pragmatica discursului, semiotică, semiologie, istoria artei, filosofia ştiinţei, epistemologie, geopolitică, relații internaționale, istorie politică contemporană

 	 
Limba maternă

Română","2019-09-01 16:48:31"
"328","CÎȚU Florin-Vasile",,"pnl","https://www.senat.ro/FisaSenator.aspx?ParlamentarID=C585BFEA-ACB1-4EC9-B20F-30E47C61CB2F",,NULL,NULL,,NULL,"2019-09-01 16:50:16"
"329","DUNCA Marius-Alexandru",,"psd","https://www.senat.ro/FisaSenator.aspx?ParlamentarID=46A6F709-3C59-4BF1-AA14-584DDBF8D239",,"http://mts.ro/wp-content/uploads/2017/01/CV-Europass-20171019-Dunca-RO.pdf","http://www.cdep.ro/pdfs/guv201706/CV_Dunca.pdf",,NULL,"2019-09-01 16:51:31"
"330","IONAȘCU Gabi",,"pmp","https://www.senat.ro/FisaSenator.aspx?ParlamentarID=E5569024-DF61-437C-841E-6F34DAB5BCF2","https://ro.wikipedia.org/wiki/Gabi_Iona%C8%99cu",NULL,NULL,,NULL,"2019-09-01 16:52:51"
"331","TEODOROVICI Eugen-Orlando",,"psd","https://www.senat.ro/FisaSenator.aspx?ParlamentarID=A17171EC-BD2A-46E3-BCDB-EC440CCCEEE3",,"http://discutii.mfinante.ro/static/10/mfp/prezentare/CVeuropeanET2018_RO.pdf","https://www.b1.ro/pictures/documents/572-CVEugenTeodorovici.pdf",,NULL,"2019-09-01 16:54:06"
"332","PREDA Radu-Cosmin",,"psd","https://www.senat.ro/FisaSenator.aspx?ParlamentarID=BB5D7DB4-374D-4DE7-A1AF-C578F78E8C8D",,NULL,NULL,,NULL,"2019-09-01 16:56:34"
"333","ARCAŞ I. Viorel",,"psd","https://www.senat.ro/FisaSenator.aspx?ParlamentarID=DD85013E-9211-444E-AD5D-020849D7DCA7",,NULL,NULL,,NULL,"2019-09-01 17:01:59"
"334","DINU Nicoleta-Ramona",,"usr","https://www.senat.ro/FisaSenator.aspx?ParlamentarID=015E3111-EC9A-42A5-A4E5-4BA7DDACB53E",,NULL,NULL,,NULL,"2019-09-01 17:03:26"
